,City,Country,City ID,Latitude,Longditude,Cloudiness,Humidity,Current Temperature,Max Temp,Min Temp,Avg Temp,Wind Speed
0,Port Hardy,CA,6111862,50.7,-127.42,5,41,4.0,4.0,4.0,4.0,6.2
1,Lebu,CL,3883457,-37.62,-73.65,0,87,14.35,14.35,14.35,14.35,12.31
2,Camapua,BR,3468020,-19.53,-54.04,36,68,28.37,28.37,28.37,28.37,4.66
3,Punta Arenas,CL,3874787,-53.16,-70.91,90,87,9.65,10.0,9.0,9.5,8.7
4,Srednekolymsk,RU,2121025,67.46,153.71,48,33,-30.31,-30.31,-30.31,-30.31,1.16
5,Carnarvon,AU,2074865,-24.87,113.63,0,78,24.0,24.0,24.0,24.0,8.2
6,Batagay,RU,2027044,67.65,134.64,0,0,-40.91,-40.91,-40.91,-40.91,1.31
7,Torbay,CA,6167817,47.66,-52.73,92,75,-3.89,-3.33,-4.44,-3.8850000000000002,8.49
8,Ponta do Sol,CV,3374346,17.2,-25.09,0,60,23.0,23.0,23.0,23.0,7.7
9,Saint-Philippe,RE,935215,-21.36,55.77,0,74,24.45,27.0,19.44,23.22,2.6
10,Guatire,VE,3639898,10.47,-66.54,40,74,26.41,28.0,24.44,26.22,2.1
11,Hermanus,ZA,3366880,-34.42,19.24,8,89,19.69,20.0,19.44,19.72,1.51
12,Horta,PT,2743292,40.42,-8.49,0,76,12.55,14.44,7.22,10.83,1.0
13,Hithadhoo,MV,1282256,-0.6,73.08,88,100,25.65,25.65,25.65,25.65,1.91
14,Sao Geraldo do Araguaia,BR,3388760,-6.4,-48.55,56,77,27.87,27.87,27.87,27.87,1.81
15,Severo-Kurilsk,RU,2121385,50.68,156.12,56,100,-6.01,-6.01,-6.01,-6.01,5.21
16,Ushuaia,AR,3833367,-54.81,-68.31,90,65,8.65,9.0,8.0,8.5,1.91
17,Riberalta,BO,3906466,-11.0,-66.08,75,74,29.0,29.0,29.0,29.0,2.46
18,Norman Wells,CA,6089245,65.28,-126.83,75,61,-11.0,-11.0,-11.0,-11.0,4.91
19,Bluff,NZ,2206939,-46.6,168.33,44,77,13.89,13.89,13.89,13.89,0.45
20,Mar del Plata,AR,3863379,-46.43,-67.52,12,44,16.9,16.9,16.9,16.9,6.36
21,Jobabo,CU,3557923,20.91,-77.28,0,44,30.82,30.82,30.82,30.82,7.26
22,Sola,VU,2134814,-13.88,167.55,92,100,26.6,26.6,26.6,26.6,5.26
23,Saskylakh,RU,2017155,71.97,114.09,32,28,-28.76,-28.76,-28.76,-28.76,1.31
24,Bredasdorp,ZA,1015776,-34.53,20.04,56,73,20.47,21.0,20.0,20.5,3.1
25,Atuona,PF,4020109,-9.8,-139.03,0,100,27.25,27.25,27.25,27.25,2.96
26,Bridgetown,CA,5883078,44.84,-65.29,75,86,0.23,1.11,-1.0,0.05500000000000005,7.2
27,Hobart,AU,2163355,-42.88,147.33,75,93,13.35,14.0,12.78,13.39,7.2
28,San Policarpo,PH,1688696,12.18,125.51,80,100,21.87,21.87,21.87,21.87,3.56
29,Itaituba,BR,3397967,-4.26,-55.99,56,85,25.82,25.82,25.82,25.82,1.21
30,Port Alfred,ZA,964432,-33.59,26.89,12,93,21.13,21.67,20.56,21.115000000000002,0.45
31,Jamestown,SH,3370903,-15.94,-5.72,12,99,24.95,24.95,24.95,24.95,6.36
32,Rikitea,PF,4030556,-23.12,-134.97,88,98,26.97,26.97,26.97,26.97,5.71
33,Vanersborg,SE,2665171,58.38,12.32,48,86,3.9,5.0,2.22,3.6100000000000003,2.1
34,Ribeira Grande,PT,3372707,38.52,-28.7,40,57,11.0,11.0,11.0,11.0,11.3
35,Butaritari,KI,2110227,3.07,172.79,92,100,28.47,28.47,28.47,28.47,8.86
36,Te Anau,NZ,2181625,-45.41,167.72,36,71,10.9,10.9,10.9,10.9,1.71
37,Lere,NG,2332079,10.39,8.57,68,72,24.0,24.0,24.0,24.0,3.66
38,Leningradskiy,RU,2123814,69.38,178.42,44,73,-21.26,-21.26,-21.26,-21.26,2.96
39,Varberg,SE,2664996,57.11,12.25,90,100,4.91,6.11,4.0,5.055,3.6
40,Millinocket,US,4972220,45.66,-68.71,75,50,-4.39,-2.0,-6.67,-4.335,5.1
41,Busselton,AU,2075265,-33.64,115.35,88,36,19.04,21.11,16.67,18.89,7.36
42,La Macarena,CO,3827693,2.18,-73.79,0,23,34.87,34.87,34.87,34.87,2.16
43,Siteki,SZ,934851,-26.45,31.95,36,100,20.0,20.0,20.0,20.0,1.96
44,Maceio,BR,3395981,-9.67,-35.74,0,74,28.0,28.0,28.0,28.0,5.7
45,Khatanga,RU,2022572,71.98,102.47,12,30,-29.63,-29.63,-29.63,-29.63,2.41
46,Cherskiy,RU,2126199,68.75,161.3,0,43,-33.13,-33.13,-33.13,-33.13,1.11
47,Tuktoyaktuk,CA,6170031,69.44,-133.03,40,92,-11.0,-11.0,-11.0,-11.0,5.7
48,Bethel,US,5880568,60.79,-161.76,90,80,2.24,3.0,1.0,2.0,5.1
49,Santander,ES,3109718,43.46,-3.8,0,100,10.23,12.22,9.0,10.61,0.5
50,Hilo,US,5855927,19.71,-155.08,90,64,22.29,24.44,20.0,22.22,4.1
51,Dikson,RU,1507390,73.51,80.55,88,91,-14.11,-14.11,-14.11,-14.11,10.46
52,Kapaa,US,5848280,22.08,-159.32,90,60,22.26,24.0,20.0,22.0,6.2
53,New Norfolk,AU,2155415,-42.78,147.06,75,93,13.36,14.0,12.78,13.39,7.2
54,Avarua,CK,4035715,-21.21,-159.78,0,61,28.0,28.0,28.0,28.0,3.1
55,Quatre Cocos,MU,1106643,-20.21,57.76,40,83,26.84,27.0,26.67,26.835,3.6
56,Geraldton,AU,2070998,-28.77,114.6,75,94,21.0,21.0,21.0,21.0,3.1
57,Turayf,SA,101312,31.68,38.65,0,50,13.0,13.0,13.0,13.0,6.2
58,Pangnirtung,CA,6096551,66.15,-65.72,20,61,-28.0,-28.0,-28.0,-28.0,2.1
59,Xining,CN,1788852,36.62,101.77,88,80,-8.56,-8.56,-8.56,-8.56,1.21
60,Longyearbyen,SJ,2729907,78.22,15.64,40,63,-21.0,-21.0,-21.0,-21.0,1.5
61,Kadi,IN,1268680,23.3,72.33,40,29,24.0,24.0,24.0,24.0,2.1
62,Adiake,CI,2293428,5.29,-3.3,40,78,27.0,27.0,27.0,27.0,8.2
63,Bloemfontein,ZA,1018725,-29.12,26.22,0,21,18.87,18.87,18.87,18.87,4.36
64,Ushumun,RU,2014038,52.78,126.54,0,60,-19.46,-19.46,-19.46,-19.46,1.66
65,Dingle,IE,2964782,52.14,-10.27,0,66,13.0,13.0,13.0,13.0,7.7
66,Kavieng,PG,2094342,-2.57,150.8,48,100,27.8,27.8,27.8,27.8,2.86
67,Vaini,TO,4032243,-21.2,-175.2,75,94,27.0,27.0,27.0,27.0,4.6
68,Lagoa,PT,2267254,37.14,-8.45,0,67,14.4,16.0,12.78,14.39,5.7
69,Dongning,CN,2037611,44.06,131.12,8,58,-8.26,-8.26,-8.26,-8.26,2.26
70,Macklin,CA,6063429,52.34,-109.94,0,76,-18.81,-18.81,-18.81,-18.81,1.86
71,Abu Dhabi,AE,292968,24.47,54.37,0,60,20.0,20.0,20.0,20.0,7.7
72,Zhigansk,RU,2012530,66.77,123.37,76,60,-21.91,-21.91,-21.91,-21.91,5.81
73,Oviedo,US,4167348,28.67,-81.21,1,52,23.01,25.0,20.0,22.5,5.7
74,Afareaitu,PF,4034741,-17.55,-149.78,75,62,30.76,31.0,30.56,30.78,3.1
75,Chicama,PE,3698359,-7.84,-79.15,0,78,26.0,26.0,26.0,26.0,4.1
76,Vila Franca do Campo,PT,3372472,37.72,-25.43,75,93,11.45,12.78,10.0,11.39,8.2
77,Bosaso,SO,64013,11.28,49.18,92,100,24.6,24.6,24.6,24.6,2.11
78,Nikolskoye,RU,546105,59.7,30.79,75,74,1.4,3.0,-1.67,0.665,7.0
79,Sartell,US,5046001,45.62,-94.21,1,49,-16.85,-15.0,-18.0,-16.5,4.11
80,Plettenberg Bay,ZA,964712,-34.05,23.37,20,97,18.47,18.47,18.47,18.47,2.81
81,Karratha,AU,6620339,-20.74,116.85,0,88,22.05,22.05,22.05,22.05,1.21
82,Bathsheba,BB,3374083,13.22,-59.52,40,61,28.0,28.0,28.0,28.0,10.3
83,Upernavik,GL,3418910,72.79,-56.15,80,100,-15.76,-15.76,-15.76,-15.76,6.76
84,Mahebourg,MU,934322,-20.41,57.7,40,83,26.82,27.0,26.67,26.835,3.6
85,Borovskoy,KZ,1525121,53.8,64.15,12,69,-16.96,-16.96,-16.96,-16.96,3.26
86,Riviere-au-Renard,CA,6943832,49.0,-64.4,90,85,-6.0,-6.0,-6.0,-6.0,3.6
87,Sovetskaya Gavan,RU,2121052,48.97,140.29,0,96,-16.56,-16.56,-16.56,-16.56,0.81
88,Port Moresby,PG,2088122,-9.47,147.16,75,83,25.0,25.0,25.0,25.0,2.6
89,Progreso,MX,3515690,20.25,-99.19,12,57,22.45,22.45,22.45,22.45,1.61
90,Tasiilaq,GL,3424607,65.61,-37.64,68,86,-1.0,-1.0,-1.0,-1.0,0.5
91,Karakol,KG,1528121,42.49,78.39,8,53,-16.96,-16.96,-16.96,-16.96,1.56
92,Douala,CM,2232593,4.04,9.71,90,100,23.0,23.0,23.0,23.0,1.5
93,Auki,SB,2109701,-8.77,160.7,12,99,26.8,26.8,26.8,26.8,2.91
94,Moissala,TD,2427697,8.34,17.77,0,89,23.85,23.85,23.85,23.85,0.71
95,Vangaindrano,MG,1054329,-23.35,47.6,92,99,21.97,21.97,21.97,21.97,1.16
96,Rocha,UY,3440777,-34.48,-54.34,0,57,18.12,18.12,18.12,18.12,5.61
97,Port Lincoln,AU,2063036,-34.72,135.86,0,95,19.25,19.25,19.25,19.25,5.66
98,Touros,BR,3386213,-5.2,-35.46,40,74,30.0,30.0,30.0,30.0,5.1
99,Pevek,RU,2122090,69.7,170.27,20,83,-28.51,-28.51,-28.51,-28.51,2.51
100,Ipu,BR,3398112,-4.32,-40.71,32,79,25.32,25.32,25.32,25.32,1.36
101,Linqiong,CN,1803365,30.42,103.46,75,93,8.0,8.0,8.0,8.0,2.0
102,Yantongshan,CN,2033449,43.28,126.02,8,65,-7.06,-7.06,-7.06,-7.06,2.51
103,Kiama,AU,2161515,-34.67,150.86,0,87,16.47,18.89,14.44,16.665,4.1
104,Lebanon,US,5088597,43.64,-72.25,90,73,-3.08,-0.57,-6.11,-3.3400000000000003,2.6
105,Luderitz,NA,3355672,-26.65,15.16,0,62,19.37,19.37,19.37,19.37,5.61
106,Grindavik,IS,3416888,63.84,-22.43,90,87,6.0,6.0,6.0,6.0,7.7
107,Faanui,PF,4034551,-16.48,-151.75,36,99,28.8,28.8,28.8,28.8,2.76
108,Cape Town,ZA,3369157,-33.93,18.42,20,82,20.34,22.22,18.89,20.555,2.6
109,Puerto Ayora,EC,3652764,-0.74,-90.35,75,66,31.0,31.0,31.0,31.0,4.6
110,Necocli,CO,3673974,8.42,-76.79,40,59,32.0,32.0,32.0,32.0,7.7
111,Cabo San Lucas,MX,3985710,22.89,-109.91,5,64,22.83,24.44,20.56,22.5,5.1
112,Fairbanks,US,5861897,64.84,-147.72,1,84,-11.9,-3.89,-17.0,-10.445,1.36
113,Tanout,NE,2439155,14.97,8.88,56,28,23.62,23.62,23.62,23.62,4.16
114,Comodoro Rivadavia,AR,3860443,-45.87,-67.48,20,42,17.0,17.0,17.0,17.0,3.6
115,Chokurdakh,RU,2126123,70.62,147.9,12,0,-37.46,-37.46,-37.46,-37.46,1.61
116,Sao Filipe,CV,3374210,14.9,-24.5,0,80,23.82,23.82,23.82,23.82,7.41
117,Bamako,ML,2460596,12.65,-8.0,0,11,26.0,26.0,26.0,26.0,3.1
118,San Fernando,US,5391945,34.28,-118.44,1,42,17.93,20.56,15.56,18.06,2.1
119,Honiara,SB,2108502,-9.43,159.96,12,92,24.5,24.5,24.5,24.5,1.21
120,Saint-Augustin,CA,6138501,45.63,-73.98,90,57,-7.67,-6.67,-8.33,-7.5,6.7
121,Alekseyevka,RU,548625,53.25,50.49,75,92,-8.0,-8.0,-8.0,-8.0,6.0
122,Moron,MN,2029947,47.38,110.32,0,49,-18.36,-18.36,-18.36,-18.36,1.41
123,Rio Grande,BR,3451138,-32.03,-52.1,40,64,23.0,23.0,23.0,23.0,4.6
124,Diffa,NE,2445704,13.32,12.61,80,30,24.37,24.37,24.37,24.37,2.41
125,Asosa,ET,343292,10.07,34.53,8,60,19.47,19.47,19.47,19.47,1.16
126,Sitka,US,4267710,37.17,-99.65,0,32,17.22,17.22,17.22,17.22,6.71
127,Coquimbo,CL,3893629,-29.95,-71.34,20,64,20.0,20.0,20.0,20.0,4.6
128,Malatya,TR,304922,38.35,38.32,0,74,2.14,2.22,2.0,2.1100000000000003,1.5
129,Kununurra,AU,2068110,-15.77,128.74,0,78,26.0,26.0,26.0,26.0,2.6
130,Uglovskoye,RU,1488632,51.36,80.19,68,71,-13.06,-13.06,-13.06,-13.06,2.51
131,Rio Bueno,CL,3873145,-40.32,-72.97,0,37,19.0,19.0,19.0,19.0,6.2
132,Thompson,CA,6165406,55.74,-97.86,20,48,-22.0,-22.0,-22.0,-22.0,6.2
133,Tuatapere,NZ,2180815,-46.13,167.69,80,77,13.89,13.89,13.89,13.89,0.89
134,Carutapera,BR,3402648,-1.2,-46.02,88,96,25.32,25.32,25.32,25.32,2.31
135,Itacoatiara,BR,3397893,-3.14,-58.44,88,97,24.2,24.2,24.2,24.2,2.11
136,Bongandanga,CD,218229,1.51,21.07,24,81,23.95,23.95,23.95,23.95,0.76
137,Hami,CN,1529484,42.84,93.51,0,63,-7.93,-7.93,-7.93,-7.93,3.26
138,Maniitsoq,GL,3421982,65.42,-52.9,56,84,-11.03,-11.03,-11.03,-11.03,1.76
139,Vostok,RU,2013279,46.45,135.83,56,66,-10.46,-10.46,-10.46,-10.46,1.61
140,Port Elizabeth,ZA,964420,-33.92,25.57,0,94,21.0,21.0,21.0,21.0,5.1
141,Barrow,US,4252975,39.51,-90.4,90,58,1.8,4.44,-1.67,1.3850000000000002,2.6
142,Sisimiut,GL,3419842,66.94,-53.67,92,86,-14.53,-14.53,-14.53,-14.53,0.51
143,Erdenet,MN,2031405,49.03,104.04,0,47,-18.13,-18.13,-18.13,-18.13,1.16
144,Balabac,PH,1728675,7.99,117.06,0,100,26.47,26.47,26.47,26.47,5.66
145,Qaanaaq,GL,3831208,77.48,-69.36,0,85,-26.06,-26.06,-26.06,-26.06,3.71
146,Camacha,PT,2270385,33.08,-16.33,0,82,16.57,17.0,16.0,16.5,1.5
147,Montepuez,MZ,1037125,-13.13,39.0,88,95,23.2,23.2,23.2,23.2,2.56
148,Yellowknife,CA,6185377,62.45,-114.38,75,70,-19.18,-18.33,-20.0,-19.165,3.6
149,Bonavista,CA,5905393,48.65,-53.11,92,89,-3.89,-3.89,-3.89,-3.89,2.24
150,Ambilobe,MG,1082243,-13.19,49.05,68,97,21.47,21.47,21.47,21.47,0.61
151,Pirassununga,BR,3453639,-22.0,-47.43,0,67,29.85,29.85,29.85,29.85,2.26
152,Trofors,NO,3133983,65.54,13.39,75,86,5.52,6.0,5.0,5.5,5.1
153,Moose Factory,CA,6078372,51.26,-80.61,1,64,-20.0,-20.0,-20.0,-20.0,9.8
154,Tautira,PF,4033557,-17.73,-149.15,75,62,30.75,31.0,30.56,30.78,3.1
155,Angoche,MZ,1052944,-16.23,39.91,0,100,27.57,27.57,27.57,27.57,1.86
156,Samarai,PG,2132606,-10.62,150.67,0,100,27.47,27.47,27.47,27.47,3.21
157,Piacabucu,BR,3454005,-10.41,-36.43,20,55,30.5,30.5,30.5,30.5,5.41
158,Yeppoon,AU,2142316,-23.13,150.74,90,64,23.0,23.0,23.0,23.0,4.1
159,Ouadda,CF,236901,8.07,22.4,8,86,22.45,22.45,22.45,22.45,1.21
160,Verkh-Chebula,RU,1487599,56.03,87.61,64,77,-10.01,-10.01,-10.01,-10.01,4.71
161,Moindou,NC,2140466,-21.69,165.68,75,94,22.0,22.0,22.0,22.0,9.8
162,Dhidhdhoo,MV,1337612,6.88,73.1,0,100,27.5,27.5,27.5,27.5,2.21
163,Poum,NC,2138555,-20.23,164.02,76,100,25.85,25.85,25.85,25.85,14.36
164,Hailar,CN,2037078,49.2,119.7,0,50,-17.71,-17.71,-17.71,-17.71,2.71
165,Kholm,AF,1136575,36.69,67.7,5,79,6.85,7.0,6.67,6.835,1.0
166,Almaznyy,RU,582447,48.03,40.04,40,89,0.0,0.0,0.0,0.0,8.0
167,Jiangkou,CN,1814934,30.7,117.56,0,86,1.8,1.8,1.8,1.8,1.46
168,Luganville,VU,2136150,-15.51,167.18,0,100,26.55,26.55,26.55,26.55,3.21
169,East London,ZA,1006984,-33.02,27.91,20,99,24.8,24.8,24.8,24.8,9.06
170,Castro,CL,3896218,-42.48,-73.76,75,47,15.0,15.0,15.0,15.0,4.1
171,Klaksvik,FO,2618795,62.23,-6.59,75,100,8.0,8.0,8.0,8.0,9.8
172,Nouakchott,MR,2377450,18.08,-15.98,0,7,25.0,25.0,25.0,25.0,4.1
173,San Patricio,MX,3985168,19.22,-104.7,40,74,28.0,28.0,28.0,28.0,2.6
174,Inirida,CO,3671450,3.87,-67.92,8,57,31.47,31.47,31.47,31.47,0.41
175,Elizabeth City,US,4465088,36.3,-76.22,1,24,13.65,14.44,12.78,13.61,7.46
176,Oriximina,BR,3393471,-1.77,-55.87,92,96,24.82,24.82,24.82,24.82,1.01
177,Ust-Omchug,RU,2120047,61.13,149.63,44,0,-35.28,-35.28,-35.28,-35.28,1.41
178,Vardo,NO,777019,70.37,31.11,75,68,-4.38,-3.0,-5.0,-4.0,5.7
179,Constitucion,CL,3893726,-35.33,-72.42,0,74,18.4,18.4,18.4,18.4,7.06
180,Yulara,AU,6355222,-25.24,130.99,0,16,26.0,26.0,26.0,26.0,4.1
181,Tiznit,MA,2527089,29.7,-9.73,0,58,14.72,14.72,14.72,14.72,1.21
182,Mpulungu,ZM,175961,-8.77,31.12,56,90,16.65,16.65,16.65,16.65,1.31
183,Hay River,CA,5972762,60.82,-115.79,90,78,-13.0,-13.0,-13.0,-13.0,3.1
184,Kochubey,RU,868355,44.39,46.54,32,91,-2.61,-2.61,-2.61,-2.61,4.46
185,Pimentel,PE,3693584,-6.84,-79.94,0,58,31.0,31.0,31.0,31.0,5.7
186,Clovis,US,5338122,36.83,-119.7,1,32,17.77,20.56,13.33,16.945,6.2
187,San Cristobal,EC,3652567,-1.02,-79.44,80,100,19.82,19.82,19.82,19.82,1.41
188,Xai-Xai,MZ,1024552,-25.04,33.64,12,100,24.55,24.55,24.55,24.55,3.21
189,Mehamn,NO,778707,71.03,27.85,75,68,-3.58,-3.0,-4.0,-3.5,1.5
190,Beringovskiy,RU,2126710,63.05,179.32,92,95,-2.31,-2.31,-2.31,-2.31,9.71
191,Glenluce,GB,2636719,54.88,-4.81,0,87,7.22,7.22,7.22,7.22,1.34
192,Bandarbeyla,SO,64814,9.49,50.81,0,100,25.22,25.22,25.22,25.22,4.76
193,Nisia Floresta,BR,3393922,-6.09,-35.21,40,70,30.0,30.0,30.0,30.0,4.6
194,Ixtapa,MX,4004293,20.71,-105.21,40,69,25.0,25.0,25.0,25.0,4.1
195,Victoria,SC,241131,-4.62,55.45,92,78,26.0,26.0,26.0,26.0,4.6
196,Pisco,PE,3932145,-13.71,-76.2,0,30,22.0,22.0,22.0,22.0,8.2
197,Katobu,ID,1640972,-4.94,122.53,36,100,25.85,25.85,25.85,25.85,1.16
198,Tilichiki,RU,2120591,60.47,166.1,76,77,-15.68,-15.68,-15.68,-15.68,2.96
199,Lebyazhye,RU,536466,59.96,29.42,75,74,1.22,3.0,-1.67,0.665,7.0
200,Salinopolis,BR,3389822,-0.61,-47.36,64,100,25.07,25.07,25.07,25.07,3.86
201,North Platte,US,5697939,41.12,-100.77,90,71,-14.0,-14.0,-14.0,-14.0,5.7
202,Cabra,PH,1721491,13.89,120.05,0,98,26.35,26.35,26.35,26.35,6.91
203,Jurmala,LV,459201,56.97,23.77,0,74,2.2,3.0,1.67,2.335,4.1
204,Batagay-Alyta,RU,2027042,67.8,130.41,24,0,-37.36,-37.36,-37.36,-37.36,1.21
205,Moranbah,AU,6533368,-22.0,148.04,0,76,19.47,19.47,19.47,19.47,4.56
206,Kaitangata,NZ,2208248,-46.28,169.85,68,62,13.12,13.12,13.12,13.12,2.21
207,Bitkine,TD,2435124,11.98,18.21,64,24,28.15,28.15,28.15,28.15,5.16
208,Taoudenni,ML,2450173,22.68,-3.98,0,17,16.0,16.0,16.0,16.0,6.36
209,Tagab,AF,1123424,34.85,69.65,0,61,0.0,0.0,0.0,0.0,2.1
210,Esmeralda,CU,3559318,21.85,-78.12,40,45,30.0,30.0,30.0,30.0,6.2
211,Usinsk,RU,863061,66.0,57.56,88,90,-2.56,-2.56,-2.56,-2.56,4.76
212,Provideniya,RU,4031574,64.42,-173.23,88,91,-0.41,-0.41,-0.41,-0.41,10.96
213,Srandakan,ID,1626493,-7.94,110.25,8,97,21.97,21.97,21.97,21.97,1.21
214,Souillac,MU,933995,-20.52,57.52,40,83,26.82,27.0,26.67,26.835,3.6
215,Savage,US,5046063,44.78,-93.34,80,55,-15.82,-14.0,-17.22,-15.61,2.1
216,Middelburg,ZA,976361,-25.77,29.46,48,89,14.7,14.7,14.7,14.7,1.31
217,Nanortalik,GL,3421765,60.14,-45.24,92,95,1.75,1.75,1.75,1.75,7.51
218,Elk Plain,US,5793609,47.04,-122.37,75,35,5.45,7.22,3.89,5.555,1.5
219,Burnie,AU,2173125,-41.05,145.91,0,80,15.92,16.67,15.56,16.115000000000002,4.02
220,Mananjary,MG,1056151,-19.16,46.8,92,96,17.82,17.82,17.82,17.82,1.31
221,Talnakh,RU,1490256,69.49,88.39,88,81,-14.91,-14.91,-14.91,-14.91,9.46
222,Jeremie,HT,3723593,18.65,-74.12,36,84,27.25,27.25,27.25,27.25,1.51
223,Cidreira,BR,3466165,-30.17,-50.22,100,85,22.3,22.3,22.3,22.3,3.91
224,Pouebo,NC,2138607,-20.4,164.57,68,84,24.62,24.62,24.62,24.62,8.81
225,Tual,ID,1623197,-5.67,132.75,48,94,29.35,29.35,29.35,29.35,1.86
226,Lavrentiya,RU,4031637,65.58,-170.99,92,96,0.1,0.1,0.1,0.1,11.76
227,Hasaki,JP,2112802,35.73,140.83,75,66,8.5,9.0,7.22,8.11,3.1
228,Kysyl-Syr,RU,2021017,63.9,122.77,80,72,-19.41,-19.41,-19.41,-19.41,4.51
229,Atbasar,KZ,1526038,51.81,68.36,88,76,-11.91,-11.91,-11.91,-11.91,1.71
230,Albany,AU,2077963,-35.02,117.88,90,82,19.0,19.0,19.0,19.0,5.1
231,Omboue,GA,2396853,-1.57,9.26,64,100,28.47,28.47,28.47,28.47,3.46
232,Neiafu,TO,4032420,-18.65,-173.98,75,83,27.0,27.0,27.0,27.0,5.7
233,Carroll,US,4850478,42.07,-94.87,75,77,-14.01,-12.0,-17.0,-14.5,6.7
234,Vidim,RU,2013406,56.41,103.11,0,75,-8.26,-8.26,-8.26,-8.26,2.26
235,Meulaboh,ID,1214488,4.14,96.13,44,100,25.55,25.55,25.55,25.55,2.66
236,Mwinilunga,ZM,902620,-11.73,24.43,80,91,19.62,19.62,19.62,19.62,1.01
237,Kavaratti,IN,1267390,10.57,72.64,0,100,27.57,27.57,27.57,27.57,6.11
238,Shimoda,JP,1852357,34.7,138.93,75,75,7.85,8.0,7.78,7.890000000000001,1.0
239,Ancud,CL,3899695,-41.87,-73.83,75,47,15.0,15.0,15.0,15.0,4.1
240,Salalah,OM,286621,17.01,54.1,20,83,25.0,25.0,25.0,25.0,2.1
241,Henties Bay,NA,3356832,-22.12,14.28,36,88,21.11,21.11,21.11,21.11,0.89
242,Palmer,US,5871146,61.6,-149.11,1,71,-7.5,-2.22,-13.0,-7.61,0.86
243,Margate,ZA,978895,-30.86,30.37,48,88,24.6,24.6,24.6,24.6,8.71
244,Evensk,RU,2125693,61.92,159.24,56,100,-23.36,-23.36,-23.36,-23.36,2.76
245,Hammerfest,NO,779683,70.66,23.68,75,92,-1.85,-1.0,-3.0,-2.0,5.1
246,Brumunddal,NO,3159894,60.89,10.94,64,73,-0.33,2.78,-2.78,0.0,1.34
247,West Bay,KY,3580477,19.37,-81.42,20,74,28.56,29.0,27.78,28.39,6.7
248,Narsaq,GL,3421719,60.91,-46.05,20,38,4.0,4.0,4.0,4.0,5.1
249,Roswell,US,5488441,33.39,-104.52,1,18,19.2,20.56,18.0,19.28,8.2
250,Harper,LR,2276492,4.38,-7.71,88,95,28.82,28.82,28.82,28.82,6.41
251,Alofi,NU,4036284,-19.06,-169.92,90,94,26.0,26.0,26.0,26.0,3.6
252,Kyaikto,MM,1317375,17.31,97.01,0,98,21.07,21.07,21.07,21.07,0.96
253,Kamina,CD,214614,-8.74,25.0,12,79,23.05,23.05,23.05,23.05,1.31
254,Kaeo,NZ,2189343,-35.1,173.78,48,98,18.48,20.0,17.22,18.61,6.21
255,Ust-Ilimsk,RU,2013952,57.96,102.73,68,68,-7.51,-7.51,-7.51,-7.51,2.56
256,Presidencia Roque Saenz Pena,AR,3840300,-26.79,-60.44,80,79,23.45,23.45,23.45,23.45,7.81
257,Vega de Alatorre,MX,3514843,20.03,-96.65,12,69,23.32,23.32,23.32,23.32,2.36
258,Vrangel,RU,2013258,42.73,133.08,48,100,0.07,0.07,0.07,0.07,4.11
259,Gizo,SB,2108857,-8.1,156.84,48,100,27.7,27.7,27.7,27.7,1.56
260,Ilulissat,GL,3423146,69.22,-51.1,75,78,-10.0,-10.0,-10.0,-10.0,5.7
261,Saint George,BM,3573061,32.38,-64.68,40,64,19.21,20.0,18.89,19.445,11.3
262,Kruisfontein,ZA,986717,-34.0,24.73,0,85,17.32,17.32,17.32,17.32,1.76
263,Simpang,ID,6705237,4.36,96.17,44,100,25.55,25.55,25.55,25.55,2.66
264,Tiksi,RU,2015306,71.64,128.87,24,66,-20.61,-20.61,-20.61,-20.61,5.76
265,Hofn,IS,2630299,64.25,-15.21,92,94,5.97,5.97,5.97,5.97,10.01
266,Marystown,CA,6067472,47.17,-55.16,92,100,0.56,0.56,0.56,0.56,13.16
267,Kudahuvadhoo,MV,1337607,2.67,72.89,76,100,27.85,27.85,27.85,27.85,3.01
268,Natchez,US,4437982,31.56,-91.4,1,29,16.13,17.0,15.56,16.28,4.1
269,Lima,PE,3936456,-12.06,-77.04,0,61,28.0,28.0,28.0,28.0,5.1
270,Georgetown,SH,2411397,-7.93,-14.42,24,100,26.87,26.87,26.87,26.87,5.46
271,Ustka,PL,3082756,54.58,16.86,36,89,3.9,3.9,3.9,3.9,6.46
272,Saint Andrews,CA,6137411,45.08,-67.06,64,82,-1.21,-0.57,-1.67,-1.1199999999999999,3.58
273,Dunmore Town,BS,3572462,25.5,-76.65,68,100,23.15,23.15,23.15,23.15,10.51
274,Chara,RU,2025630,56.9,118.26,48,69,-15.71,-15.71,-15.71,-15.71,1.11
275,Iqaluit,CA,5983720,63.75,-68.52,75,68,-25.78,-25.56,-26.0,-25.78,2.1
276,Miraflores,CO,3674735,5.2,-73.14,20,66,16.9,16.9,16.9,16.9,1.01
277,Saint Cloud,US,5044407,45.56,-94.16,1,49,-16.68,-14.44,-18.0,-16.22,4.11
278,Caravelas,BR,3466980,-17.73,-39.27,0,99,29.05,29.05,29.05,29.05,7.96
279,Port Hedland,AU,2063042,-20.31,118.58,0,94,25.0,25.0,25.0,25.0,2.6
280,Sabha,LY,2212775,27.03,14.43,0,79,6.85,6.85,6.85,6.85,2.51
281,Melnikovo,RU,1499007,56.55,84.09,68,83,-9.25,-8.89,-9.44,-9.165,3.58
282,Novaya Igirma,RU,2019004,57.14,103.93,0,76,-10.01,-10.01,-10.01,-10.01,2.11
283,Alice Springs,AU,2077895,-23.7,133.88,0,35,21.0,21.0,21.0,21.0,2.6
284,Tefe,BR,3661944,-3.35,-64.71,40,62,32.0,32.0,32.0,32.0,2.1
285,Itarema,BR,3393692,-2.92,-39.92,56,87,26.72,26.72,26.72,26.72,2.26
286,Ambovombe,MG,1079048,-25.18,46.09,24,89,24.6,24.6,24.6,24.6,2.06
287,Bend,US,5713587,44.06,-121.32,90,85,-5.88,-3.33,-7.78,-5.555,2.01
288,Fortuna,US,5563839,40.6,-124.16,75,100,10.23,12.22,7.78,10.0,6.2
289,Yerbogachen,RU,2012956,61.28,108.01,32,59,-8.81,-8.81,-8.81,-8.81,4.11
290,Pulsano,IT,3169760,40.38,17.36,5,80,4.11,6.67,2.0,4.335,5.1
291,Palana,RU,2122262,59.08,159.95,36,61,-22.38,-22.38,-22.38,-22.38,1.66
292,San Blas,MX,3987544,21.54,-105.29,75,35,30.0,30.0,30.0,30.0,3.1
293,Hwange,ZW,889942,-18.35,26.5,24,72,22.47,22.47,22.47,22.47,1.51
294,Yelnya,RU,467753,54.58,33.19,88,90,1.07,1.07,1.07,1.07,7.36
295,College,US,5859699,64.86,-147.8,1,84,-9.83,-3.89,-17.0,-10.445,1.36
296,Aswan,EG,359792,24.09,32.9,80,46,19.45,19.45,19.45,19.45,1.21
297,Chuy,UY,3443061,-33.69,-53.46,0,77,20.55,20.55,20.55,20.55,6.81
298,Jesus del Monte,MX,3526536,19.11,-99.99,75,28,21.0,21.0,21.0,21.0,2.6
299,Snasa,NO,3138076,64.25,12.38,75,75,7.0,7.0,7.0,7.0,8.2
300,Korla,CN,1529376,41.76,86.15,56,52,-2.22,-2.22,-2.22,-2.22,1.66
301,Tikhvin,RU,483019,59.64,33.53,88,87,1.11,1.11,1.11,1.11,1.34
302,Zhicheng,CN,1805012,35.04,112.59,88,73,2.65,2.65,2.65,2.65,1.76
303,Bowen,AU,2174444,-20.01,148.25,75,94,22.04,23.33,21.0,22.165,3.1
304,Clyde River,CA,5924351,70.47,-68.59,20,75,-29.0,-29.0,-29.0,-29.0,3.1
305,Tocopilla,CL,3869716,-22.09,-70.2,0,74,20.65,20.65,20.65,20.65,1.86
306,Grootfontein,NA,3357114,-19.56,18.1,76,66,22.47,22.47,22.47,22.47,1.31
307,Coxim,BR,3465228,-18.5,-54.75,20,54,32.15,32.15,32.15,32.15,3.31
308,Kahului,US,5847411,20.89,-156.47,1,54,23.96,26.0,22.22,24.11,3.6
309,Hit,IQ,95788,33.64,42.83,0,76,10.37,10.37,10.37,10.37,3.96
310,Saldanha,ZA,3361934,-33.01,17.94,20,94,16.7,16.7,16.7,16.7,0.51
311,Road Town,VG,3577430,18.42,-64.62,90,83,24.19,25.0,23.33,24.165,5.7
312,Mitsamiouli,KM,921786,-11.38,43.28,8,99,27.7,27.7,27.7,27.7,3.01
313,Bodden Town,KY,3580733,19.28,-81.25,20,74,28.57,29.0,27.78,28.39,6.7
314,Nanchang,CN,1800163,28.68,115.89,20,88,3.62,3.62,3.62,3.62,1.96
315,Asbury Park,US,4069696,33.46,-86.74,1,24,15.58,17.22,13.89,15.555,2.6
316,Caohai,CN,1816028,26.87,104.28,0,62,8.22,8.22,8.22,8.22,4.91
317,Atkarsk,RU,580420,51.88,45.01,88,88,-3.81,-3.81,-3.81,-3.81,3.31
318,Turochak,RU,1488920,52.26,87.12,20,85,-13.31,-13.31,-13.31,-13.31,1.01
319,Atar,MR,2381334,20.52,-13.05,0,13,20.37,20.37,20.37,20.37,3.91
320,Jasper,CA,5985918,52.88,-118.08,0,47,-16.86,-16.86,-16.86,-16.86,0.96
321,Marawi,SD,370481,18.48,31.82,0,29,25.6,25.6,25.6,25.6,4.46
322,Port Blair,IN,1259385,11.67,92.75,0,100,27.65,27.65,27.65,27.65,3.31
323,Mangrol,IN,1263751,25.33,76.51,12,63,11.5,11.5,11.5,11.5,1.21
324,Kodiak,US,4407665,39.95,-94.76,1,20,-1.39,1.11,-5.0,-1.9449999999999998,5.7
325,Mishelevka,RU,2019945,52.86,103.17,8,50,-15.53,-15.53,-15.53,-15.53,1.16
326,Geraldton,CA,5960603,49.72,-86.95,75,53,-20.0,-20.0,-20.0,-20.0,4.6
327,Pacific Grove,US,5380437,36.62,-121.92,40,59,12.76,16.0,8.89,12.445,4.1
328,Riyadh,SA,108410,24.63,46.72,0,26,16.0,16.0,16.0,16.0,2.1
329,Itoman,JP,1861280,26.12,127.67,75,77,18.41,20.0,17.78,18.89,3.1
330,Paamiut,GL,3421193,61.99,-49.67,44,100,-3.43,-3.43,-3.43,-3.43,9.46
331,Havre-Saint-Pierre,CA,5972291,50.23,-63.6,90,78,-8.0,-8.0,-8.0,-8.0,9.8
332,Puerto Suarez,BO,3465342,-18.96,-57.8,40,59,33.52,34.0,33.0,33.5,6.2
333,Bima,ID,1648759,-8.45,118.73,0,100,24.05,24.05,24.05,24.05,1.21
334,Fukue,JP,1848373,35.03,136.69,75,57,8.65,10.0,7.78,8.89,12.3
335,Ryotsu,JP,1853371,38.08,138.43,24,100,4.2,4.2,4.2,4.2,3.31
336,Katsuura,JP,1865309,33.93,134.5,75,76,7.31,9.0,6.11,7.555,3.6
337,Fairview,CA,5951036,56.07,-118.38,20,76,-20.69,-18.89,-23.0,-20.945,4.6
338,Kainantu,PG,2095038,-6.29,145.87,76,96,18.7,18.7,18.7,18.7,0.71
339,Ugoofaaru,MV,1337619,5.67,73.0,76,100,27.6,27.6,27.6,27.6,2.61
340,Lorengau,PG,2092164,-2.02,147.27,12,98,28.05,28.05,28.05,28.05,2.31
341,Bonfim,BR,3451126,-20.33,-44.24,48,98,20.32,20.32,20.32,20.32,2.56
342,Vanderhoof,CA,6173361,54.02,-124.02,0,29,-9.13,-9.13,-9.13,-9.13,2.16
343,Aberdeen,US,5785243,46.98,-123.82,40,42,6.89,8.0,5.0,6.5,7.2
344,Naze,JP,1855540,28.37,129.48,0,100,18.55,18.55,18.55,18.55,7.71
345,Megion,RU,1499053,61.04,76.11,90,85,-12.0,-12.0,-12.0,-12.0,4.0
346,San Jose,GT,3590069,16.98,-89.9,56,59,27.87,27.87,27.87,27.87,3.31
347,Javanrud,IR,130245,34.8,46.49,0,55,3.0,3.0,3.0,3.0,0.76
348,Itacare,BR,3460940,-14.28,-39.0,0,84,28.6,28.6,28.6,28.6,3.46
349,Arraial do Cabo,BR,3471451,-22.97,-42.02,20,74,30.0,30.0,30.0,30.0,4.6
350,Kutum,SD,371745,14.2,24.66,80,30,25.9,25.9,25.9,25.9,3.26
351,Mirnyy,RU,502265,56.57,36.46,88,93,0.3,0.3,0.3,0.3,6.61
352,Los Llanos de Aridane,ES,2514651,28.66,-17.92,0,77,17.59,18.0,17.22,17.61,1.5
353,Buraydah,SA,107304,26.33,43.97,0,48,16.0,16.0,16.0,16.0,3.6
354,Tomatlan,MX,3981391,19.93,-105.25,0,69,29.05,29.05,29.05,29.05,1.61
355,Ushtobe,KZ,1517637,45.25,77.98,8,60,-10.26,-10.26,-10.26,-10.26,1.21
356,Northam,AU,2064550,-31.65,116.67,0,53,23.0,23.0,23.0,23.0,7.7
357,Kamaishi,JP,2112444,39.28,141.86,36,86,-3.26,-3.26,-3.26,-3.26,2.36
358,Chake Chake,TZ,160677,-5.25,39.77,20,98,28.45,28.45,28.45,28.45,6.11
359,Novyy Urengoy,RU,1496511,66.08,76.63,88,81,-9.71,-9.71,-9.71,-9.71,8.51
360,Necochea,AR,3430443,-38.55,-58.74,92,85,11.67,11.67,11.67,11.67,2.68
361,Havelock,US,4470244,34.88,-76.9,1,18,16.21,17.22,15.56,16.39,6.2
362,Jalu,LY,86049,29.03,21.55,0,66,9.37,9.37,9.37,9.37,3.71
363,Shimla,IN,1256237,31.1,77.17,56,92,0.1,0.1,0.1,0.1,0.86
364,Oranjemund,NA,3354071,-28.55,16.43,88,92,18.22,18.22,18.22,18.22,4.91
365,Pochutla,MX,3517970,15.74,-96.47,5,70,30.29,32.78,29.0,30.89,5.1
366,Vista Hermosa,CO,3673662,8.37,-73.29,0,33,28.12,28.12,28.12,28.12,2.61
367,Itaqui,BR,3460629,-29.13,-56.55,24,63,26.57,26.57,26.57,26.57,6.46
368,Cherdakly,RU,569360,54.36,48.84,90,85,-6.0,-6.0,-6.0,-6.0,4.0
369,Oliveira,BR,3455908,-20.7,-44.83,36,75,23.65,23.65,23.65,23.65,2.51
370,Visnes,NO,3131500,59.36,5.22,80,93,5.3,6.11,4.44,5.275,1.5
371,La Palma,PA,3707058,8.4,-78.14,56,75,29.25,29.25,29.25,29.25,0.96
372,Canutama,BR,3664716,-6.53,-64.38,88,83,27.5,27.5,27.5,27.5,1.46
373,Nurota,UZ,1513087,40.56,65.69,100,80,5.0,5.0,5.0,5.0,2.1
374,Ponta do Sol,PT,2264557,32.67,-17.1,0,72,15.63,17.0,14.44,15.719999999999999,1.0
375,Coihaique,CL,3894426,-45.58,-72.07,20,48,15.3,16.0,15.0,15.5,4.1
376,Xiaoweizhai,CN,1789945,26.23,107.51,92,100,5.25,5.25,5.25,5.25,1.01
377,Aklavik,CA,5882953,68.22,-135.01,75,63,-2.82,-1.0,-4.0,-2.5,3.1
378,Jaora,IN,1269217,23.64,75.13,0,57,12.15,12.15,12.15,12.15,1.41
379,Graaff-Reinet,ZA,1000543,-32.25,24.53,88,63,20.97,20.97,20.97,20.97,1.96
380,Acucena,BR,3473183,-19.07,-42.55,0,74,29.7,29.7,29.7,29.7,1.16
381,Buala,SB,2109528,-8.15,159.59,8,90,27.4,27.4,27.4,27.4,2.51
382,Batemans Bay,AU,2176639,-35.71,150.18,12,92,13.52,15.56,10.0,12.780000000000001,0.89
383,Muskegon,US,5003132,43.23,-86.25,75,66,-9.52,-8.0,-11.11,-9.555,5.1
384,Rancho Palos Verdes,US,5386035,33.75,-118.37,1,42,17.87,20.56,15.0,17.78,2.1
385,Wagga Wagga,AU,2145110,-35.12,147.37,44,55,19.51,20.0,19.0,19.5,2.6
386,Farah,AF,1142264,32.37,62.11,0,74,1.35,1.35,1.35,1.35,1.21
387,Buzmeyin,TM,162099,38.05,58.21,90,65,8.0,8.0,8.0,8.0,1.0
388,Constitucion,MX,4011743,23.99,-104.67,20,14,24.07,25.0,22.78,23.89,12.9
389,Iwanai,JP,2129868,42.97,140.51,56,100,-0.16,-0.16,-0.16,-0.16,6.26
390,Husavik,IS,2629833,66.04,-17.34,75,52,7.0,7.0,7.0,7.0,8.2
391,Glenwood Springs,US,5423092,39.55,-107.33,1,34,1.57,2.78,-1.0,0.8899999999999999,1.76
392,Haveli,PK,1176218,33.47,72.12,44,93,5.72,5.72,5.72,5.72,1.16
393,Richards Bay,ZA,962367,-28.77,32.06,48,84,23.9,23.9,23.9,23.9,4.81
394,Nemuro,JP,2128975,43.32,145.57,0,100,-1.96,-1.96,-1.96,-1.96,7.26
395,Masvingo,ZW,886763,-20.08,30.83,24,74,21.05,21.05,21.05,21.05,4.56
396,Atambua,ID,1651103,-9.11,124.89,12,100,24.9,24.9,24.9,24.9,1.41
397,Esperance,AU,2071860,-33.86,121.89,90,77,18.0,18.0,18.0,18.0,4.6
398,Mount Gambier,AU,2156643,-37.83,140.78,90,82,17.0,17.0,17.0,17.0,7.2
399,Tisovec,SK,3057197,48.68,19.94,0,55,0.23,4.0,-2.22,0.8899999999999999,9.3
400,Manyana,BW,933018,-24.78,25.59,20,49,23.0,23.0,23.0,23.0,0.5
401,Cururupu,BR,3401148,-1.82,-44.87,68,98,25.07,25.07,25.07,25.07,1.76
402,Kupang,ID,2057087,-10.16,123.6,0,100,26.0,26.0,26.0,26.0,0.96
403,Sutysky,UA,692146,49.05,28.42,0,82,2.1,2.22,2.0,2.1100000000000003,7.0
404,Veraval,IN,1253237,20.9,70.37,0,90,21.45,21.45,21.45,21.45,4.46
405,Salawagan,PH,1690937,7.71,125.11,88,89,19.1,19.1,19.1,19.1,1.16
406,Hambantota,LK,1244926,6.12,81.12,20,100,26.8,26.8,26.8,26.8,3.76
407,Belmonte,BR,3448454,-26.84,-53.58,92,99,17.78,17.78,17.78,17.78,5.26
408,Meadow Lake,CA,6071421,54.13,-108.44,5,64,-17.0,-17.0,-17.0,-17.0,4.1
409,Ayolas,PY,3439378,-27.39,-56.84,92,98,21.4,21.4,21.4,21.4,4.26
410,Kirakira,SB,2178753,-10.46,161.92,0,100,27.6,27.6,27.6,27.6,5.06
411,Mena,UA,701372,51.52,32.22,48,86,0.8,0.8,0.8,0.8,6.41
412,Hokitika,NZ,2206894,-42.72,170.96,20,93,15.2,15.2,15.2,15.2,1.41
413,Nantucket,US,4944903,41.28,-70.1,75,31,2.37,3.0,1.67,2.335,17.0
414,Ossora,RU,2122389,59.24,163.07,80,79,-18.86,-18.86,-18.86,-18.86,10.21
415,Whitehorse,CA,6180550,60.72,-135.06,75,70,-18.0,-18.0,-18.0,-18.0,1.36
416,Dir,PK,1179757,35.21,71.88,80,92,-7.13,-7.13,-7.13,-7.13,0.61
417,Vila Velha,BR,6320062,-3.71,-38.6,20,78,26.96,27.22,26.67,26.945,2.6
418,Quesnel,CA,6115187,52.98,-122.49,0,55,-11.67,-11.67,-11.67,-11.67,0.45
419,Vysokogornyy,RU,2013216,50.1,139.13,12,50,-23.76,-23.76,-23.76,-23.76,0.96
420,Huarmey,PE,3939168,-10.07,-78.15,32,57,26.6,26.6,26.6,26.6,2.01
421,Flinders,AU,6255012,-34.58,150.85,0,87,16.38,18.89,14.44,16.665,4.1
422,Altamont,US,4267531,37.19,-95.3,1,53,13.63,14.44,13.0,13.719999999999999,9.3
423,Tezu,IN,1254709,27.93,96.16,92,86,9.3,9.3,9.3,9.3,0.66
424,Acapulco,MX,3533462,16.86,-99.88,5,74,29.0,29.0,29.0,29.0,5.1
425,Sur,OM,286245,22.57,59.53,0,94,22.2,22.2,22.2,22.2,4.11
426,Teguise,ES,2510573,29.06,-13.56,0,88,19.0,19.0,19.0,19.0,1.5
427,Deer Lake,CA,5937252,49.18,-57.43,90,79,-7.13,-7.0,-7.22,-7.109999999999999,12.9
428,Gold Coast,AU,2165087,-28.0,153.41,75,77,20.59,21.67,19.44,20.555,2.6
429,Whitianga,NZ,2179103,-36.83,175.7,20,100,19.8,19.8,19.8,19.8,9.26
430,Petropavlovsk-Kamchatskiy,RU,2122104,53.05,158.65,12,76,-20.0,-20.0,-20.0,-20.0,5.0
431,Micheweni,TZ,153955,-4.97,39.83,20,100,28.62,28.62,28.62,28.62,7.01
432,Vanimo,PG,2084442,-2.67,141.3,48,100,27.32,27.32,27.32,27.32,2.01
433,Show Low,US,5314245,34.25,-110.03,1,30,7.92,9.44,6.0,7.72,5.7
434,Acari,PE,3948613,-15.44,-74.62,12,67,22.57,22.57,22.57,22.57,1.41
435,Almeirim,BR,3407903,-1.53,-52.58,56,82,27.22,27.22,27.22,27.22,1.41
436,Basco,PH,1726449,20.45,121.97,20,100,24.55,24.55,24.55,24.55,7.21
437,Najran,SA,103630,17.54,44.22,75,43,23.0,23.0,23.0,23.0,5.1
438,Russell,NZ,2188874,-35.26,174.12,48,76,19.27,20.0,18.33,19.165,3.13
439,Umba,RU,479071,66.69,34.34,0,75,-2.88,-2.88,-2.88,-2.88,4.86
440,Dezhou,CN,1812955,37.45,116.31,76,71,-0.76,-0.76,-0.76,-0.76,1.26
441,Cayenne,GF,3382160,4.94,-52.33,100,69,28.0,28.0,28.0,28.0,5.7
442,Filadelfia,PY,3867291,-22.35,-60.04,32,73,29.8,29.8,29.8,29.8,4.41
443,Okahandja,NA,3354898,-21.98,16.91,20,43,22.1,22.22,22.0,22.11,1.5
444,Velsk,RU,475938,61.07,42.1,88,92,-1.53,-1.53,-1.53,-1.53,3.56
445,Pimenta Bueno,BR,3924908,-11.68,-61.19,92,96,23.62,23.62,23.62,23.62,1.21
446,Bugulma,RU,571170,54.54,52.8,80,86,-10.66,-10.66,-10.66,-10.66,4.46
447,La Rochelle,FR,3006787,46.16,-1.15,0,71,9.7,12.0,8.0,10.0,4.6
448,Cockburn Town,TC,3576994,21.46,-71.14,8,99,25.3,25.3,25.3,25.3,7.46
449,Wattegama,LK,1241622,7.35,80.68,20,91,20.65,20.65,20.65,20.65,1.21
450,Fare,PF,4034496,-16.7,-151.02,12,98,28.9,28.9,28.9,28.9,2.91
451,Kamen-Rybolov,RU,2023226,44.75,132.04,44,74,-4.63,-4.63,-4.63,-4.63,2.66
452,Nouadhibou,MR,2377457,20.93,-17.03,0,52,21.0,21.0,21.0,21.0,6.2
453,Oistins,BB,3373652,13.07,-59.53,40,61,28.0,28.0,28.0,28.0,10.3
454,Mazagao,BR,3395042,-0.12,-51.29,75,70,30.0,30.0,30.0,30.0,6.2
455,Rolla,US,4406282,37.95,-91.77,1,31,10.76,11.67,9.44,10.555,4.6
456,Kokopo,PG,2093685,-4.34,152.27,8,100,25.95,25.95,25.95,25.95,2.06
457,Sucua,EC,3650956,-2.46,-78.17,40,65,25.0,25.0,25.0,25.0,4.1
458,Mayo,CA,6068416,63.59,-135.9,90,76,-22.0,-22.0,-22.0,-22.0,1.0
459,Kaniama,CD,214389,-7.57,24.18,12,90,20.32,20.32,20.32,20.32,1.01
460,Monte Santo,BR,3456820,-10.44,-39.33,12,64,28.57,28.57,28.57,28.57,1.21
461,Saint-Pierre,PM,3424934,46.77,-56.17,75,90,0.72,1.0,0.56,0.78,11.3
462,Linxia,CN,1803331,35.6,103.21,80,86,-6.16,-6.16,-6.16,-6.16,1.46
463,Ahipara,NZ,2194098,-35.17,173.16,0,98,20.0,20.0,20.0,20.0,6.81
464,Ravar,IR,118704,31.27,56.81,0,84,-1.88,-1.88,-1.88,-1.88,1.31
465,Shelburne,CA,6145890,44.08,-80.2,90,85,-6.54,-5.0,-8.33,-6.665,5.1
466,Thomasville,US,4494942,35.88,-80.08,1,12,14.59,16.11,12.78,14.445,2.6
467,Victor Harbor,AU,2059470,-35.55,138.62,0,52,21.73,22.78,19.44,21.11,1.5
468,Tessalit,ML,2449893,20.2,1.01,0,24,14.82,14.82,14.82,14.82,5.51
469,Carberry,CA,5916706,49.87,-99.36,20,57,-22.0,-22.0,-22.0,-22.0,6.7
470,Yumen,CN,1528998,40.29,97.04,0,39,-12.28,-12.28,-12.28,-12.28,2.46
471,Hvide Sande,DK,2619537,56.01,8.13,40,93,4.1,5.0,3.0,4.0,2.1
472,Broome,AU,2075720,-17.97,122.23,0,83,29.0,29.0,29.0,29.0,3.1
473,Malanje,AO,2239862,-9.54,16.35,20,90,20.9,20.9,20.9,20.9,2.06
474,Antofagasta,CL,3899539,-23.65,-70.4,20,60,23.0,23.0,23.0,23.0,7.2
475,Imbituba,BR,3461370,-28.24,-48.67,0,65,26.0,26.0,26.0,26.0,4.1
476,Sibolga,ID,1213855,1.74,98.78,0,100,19.15,19.15,19.15,19.15,1.11
477,Sao Jose da Coroa Grande,BR,3388456,-8.9,-35.15,8,80,27.7,27.7,27.7,27.7,4.21
478,Amga,RU,2027786,60.89,131.98,0,68,-26.76,-26.76,-26.76,-26.76,1.16
479,Haapiti,PF,4034438,-17.57,-149.87,75,62,30.77,31.0,30.56,30.78,3.1
480,Praia da Vitoria,PT,3372760,38.73,-27.07,40,76,11.33,11.67,11.0,11.335,9.41
481,Narok,KE,184379,-1.09,35.87,8,91,12.95,12.95,12.95,12.95,2.16
482,Bubaque,GW,2374583,11.28,-15.83,0,80,28.87,28.87,28.87,28.87,4.66
483,Shahr-e Babak,IR,115781,30.12,55.12,0,73,-2.78,-2.78,-2.78,-2.78,2.06
484,Williams Lake,CA,6182212,52.13,-122.14,75,65,-16.0,-16.0,-16.0,-16.0,3.1
485,Antequera,PY,3437021,-24.09,-57.2,88,99,24.05,24.05,24.05,24.05,3.86
486,Demirci,TR,317241,39.05,28.66,76,10,10.0,10.0,10.0,10.0,8.94
487,Kamiiso,JP,2129766,41.82,140.65,56,81,-4.11,-4.11,-4.11,-4.11,1.86
488,Areosa,PT,2742765,41.72,-8.86,0,81,14.46,16.11,12.0,14.055,1.5
489,Ellensburg,US,5793639,47.0,-120.55,75,63,-1.79,1.67,-4.44,-1.3850000000000002,9.8
490,Broken Hill,AU,2173911,-31.97,141.45,0,28,21.0,21.0,21.0,21.0,1.0
491,Isiro,CD,215771,2.77,27.62,0,88,21.7,21.7,21.7,21.7,0.96
492,Mawlaik,MM,1310120,23.63,94.42,88,82,17.95,17.95,17.95,17.95,1.31
493,Pelym,RU,1495385,61.01,62.0,48,86,-6.86,-6.86,-6.86,-6.86,2.71
494,Iralaya,HN,3608828,15.0,-83.23,76,75,27.9,27.9,27.9,27.9,5.01
495,Marsh Harbour,BS,3571913,26.54,-77.06,44,100,24.1,24.1,24.1,24.1,9.36
496,Aneza,GR,265028,39.09,20.92,20,48,1.25,7.0,-4.44,1.2799999999999998,6.7
497,San Jeronimo,MX,3982846,29.37,-110.79,5,25,23.26,24.44,22.22,23.33,1.5
498,Mabaruma,GY,3377301,8.2,-59.78,0,62,28.45,28.45,28.45,28.45,4.66
499,Yerofey Pavlovich,RU,2012938,53.97,121.97,8,58,-17.53,-17.53,-17.53,-17.53,1.06
500,Atherton,AU,2177541,-17.27,145.48,12,83,22.03,24.0,20.0,22.0,3.6
501,Iguape,BR,3461465,-24.7,-47.56,92,100,23.4,23.4,23.4,23.4,2.56
502,Villa Bruzual,VE,3625346,9.33,-69.12,88,51,29.25,29.25,29.25,29.25,2.56
503,Mount Isa,AU,2065594,-20.73,139.49,92,94,23.0,23.0,23.0,23.0,3.1
504,Flin Flon,CA,5954718,54.77,-101.88,5,53,-20.0,-20.0,-20.0,-20.0,5.1
505,Tarakan,ID,1624725,3.3,117.63,68,94,26.87,26.87,26.87,26.87,2.71
506,Guaraniacu,BR,3461892,-25.1,-52.88,36,74,26.07,26.07,26.07,26.07,1.11
507,Nabire,ID,1634614,-3.36,135.5,24,95,18.85,18.85,18.85,18.85,0.81
508,Caucaia,BR,3402429,-3.73,-38.66,20,78,26.96,27.22,26.67,26.945,2.6
509,Zapolyarnyy,RU,464790,69.43,30.82,75,79,-4.0,-4.0,-4.0,-4.0,5.1
510,Preobrazheniye,RU,2017658,42.9,133.91,48,69,-11.88,-11.88,-11.88,-11.88,1.21
511,Ostersund,SE,2685750,63.18,14.64,20,62,4.04,5.0,3.0,4.0,7.7
512,Namtsy,RU,2019488,62.72,129.66,40,73,-34.0,-34.0,-34.0,-34.0,2.0
513,Normal,US,4903780,40.51,-88.99,90,46,-2.64,-1.11,-4.44,-2.7750000000000004,1.5
514,Zhangye,CN,1785036,38.94,100.46,0,64,-9.88,-9.88,-9.88,-9.88,4.01
515,Mudgee,AU,2156404,-32.6,149.59,68,93,10.94,12.0,10.0,11.0,3.31
516,Santa Cruz,CR,3621607,10.26,-85.58,20,41,33.0,33.0,33.0,33.0,11.8
517,Vestmannaeyjar,IS,3412093,63.44,-20.27,88,87,7.37,7.37,7.37,7.37,18.61
518,Hirson,FR,3013258,49.92,4.08,0,57,8.75,11.0,5.0,8.0,1.5
519,Burkburnett,US,4677526,34.1,-98.57,1,27,18.3,19.0,17.78,18.39,7.7
520,Ranong,TH,1150965,9.96,98.62,0,100,26.3,26.3,26.3,26.3,5.26
521,Maraa,BR,3663475,-1.83,-65.37,20,53,31.72,31.72,31.72,31.72,0.36
522,Kitimat,CA,5993072,54.02,-128.69,5,48,-7.0,-7.0,-7.0,-7.0,7.2
523,Isangel,VU,2136825,-19.55,169.27,68,100,27.22,27.22,27.22,27.22,6.01
524,Yar-Sale,RU,1486321,66.83,70.83,88,84,-8.63,-8.63,-8.63,-8.63,10.06
525,Nuevo Progreso,MX,3522013,17.14,-95.05,68,87,25.7,25.7,25.7,25.7,4.56
526,Kiunga,PG,2093846,-6.12,141.3,92,97,21.7,21.7,21.7,21.7,1.06
527,Tamboril,DO,3492517,19.49,-70.61,40,43,29.19,31.11,26.67,28.89,6.2
528,Ardakan,IR,143073,32.31,54.02,20,65,8.0,8.0,8.0,8.0,2.1
529,Marysville,US,5162077,40.24,-83.37,1,84,1.12,2.78,-0.57,1.105,4.6
530,Awbari,LY,2219235,26.59,12.77,12,87,6.55,6.55,6.55,6.55,1.86
531,Muli,MV,1337617,2.92,73.57,64,100,25.9,25.9,25.9,25.9,2.76
532,The Valley,AI,3573374,18.22,-63.06,20,69,25.24,26.0,24.44,25.22,6.7
533,Mengcheng,CN,1800764,33.26,116.57,12,84,0.72,0.72,0.72,0.72,4.46
534,Ankang,CN,1789065,32.73,108.99,92,96,0.6,0.6,0.6,0.6,0.96
535,Sovetskiy,RU,490040,56.76,48.47,80,90,-5.63,-5.63,-5.63,-5.63,4.81
536,Qasigiannguit,GL,3420768,68.82,-51.19,75,78,-10.0,-10.0,-10.0,-10.0,5.7
537,Sobolevo,RU,525426,54.43,31.9,80,89,0.97,0.97,0.97,0.97,7.56
538,Simao,CN,1794209,22.76,100.79,20,93,9.12,9.12,9.12,9.12,0.86
539,Puerto Leguizamo,CO,3671437,-0.19,-74.78,0,23,37.12,37.12,37.12,37.12,1.86
540,Payakumbuh,ID,1631905,-0.23,100.63,92,96,20.95,20.95,20.95,20.95,0.81
541,Samsun,TR,740263,41.29,36.33,40,86,3.92,4.0,3.89,3.9450000000000003,2.1
542,Boende,CD,218680,-0.28,20.88,0,86,25.32,25.32,25.32,25.32,0.96
543,Arona,ES,2521582,28.1,-16.68,0,82,17.89,19.0,16.11,17.555,3.1
544,Beeville,US,4673258,28.4,-97.75,90,56,20.79,22.22,20.0,21.11,4.1
545,Halifax,GB,2647632,53.72,-1.86,0,77,8.14,11.11,3.89,7.5,2.6
546,Nome,US,4732862,30.04,-94.42,90,54,13.79,15.0,11.67,13.335,5.1
547,Mogadishu,SO,53654,2.04,45.34,20,99,26.82,26.82,26.82,26.82,9.36
548,Surt,LY,2210554,31.21,16.59,92,100,12.6,12.6,12.6,12.6,8.06
549,Waitati,NZ,2179825,-45.75,170.57,20,60,16.11,16.11,16.11,16.11,2.68
550,Nyuksenitsa,RU,516539,60.41,44.24,92,94,-1.03,-1.03,-1.03,-1.03,3.41
551,Tahta,EG,347634,26.77,31.5,0,29,19.0,19.0,19.0,19.0,2.6
